Metric,Value
Accuracy,0.8623172828890799
Precision,0.9144172753255002
Recall,0.8858637132748808
F1-score,0.8999140557856082
ROC-AUC,0.9181669847109883
