Metric,Value
Accuracy,0.8834909716251075
Precision,0.8821786369408776
Recall,0.9616982002768805
F1-score,0.9202237268177804
ROC-AUC,0.9166183879172681
