Metric,Value
Accuracy,0.8826311263972485
Precision,0.8823695744380037
Recall,0.9600061528995539
F1-score,0.9195520848681302
ROC-AUC,0.9141789871455875
