Metric,Value
Accuracy,0.8809114359415305
Precision,0.8830799829521239
Recall,0.9561605906783571
F1-score,0.9181683899556868
ROC-AUC,0.9151431078717108
